[
    {
        "id":1,
        "shop":"商店",
        "picture":"https://img.meituan.net/msmerchant/e3cede7bfe13c9c34499040a524e100f292856.jpg%40120w_90h_1e_1c_1l_80q%7Cwatermark%3D1%26%26r%3D1%26p%3D9%26x%3D2%26y%3D2%26relative%3D1%26o%3D20",
        "product":"好好喝的果汁",
        "comment":"comment-1",
        "stars":4,
        "price":45,
        "ifCommand":true
    },
    {
        "id":2,
        "shop":"商店2",
        "picture":"https://img.meituan.net/msmerchant/dd5e148060678ec503f9b5565a66fd2a61815.png%40120w_90h_1e_1c_1l_80q%7Cwatermark%3D1%26%26r%3D1%26p%3D9%26x%3D2%26y%3D2%26relative%3D1%26o%3D20",
        "product":"好好喝的果汁",
        "comment":"comment-2",
        "stars":4,
        "price":112,
        "ifCommand":false
    },
    {
        "id":3,
        "shop":"商店3",
        "picture":"https://img.meituan.net/msmerchant/5159608bf7bfe7b8c77ec775083be1f87241568.jpg%40120w_90h_1e_1c_1l_80q%7Cwatermark%3D1%26%26r%3D1%26p%3D9%26x%3D2%26y%3D2%26relative%3D1%26o%3D20",
        "product":"好好喝的果汁",
        "comment":"comment-3",
        "stars":3,
        "price":25,
        "ifCommand":false
    },
    {
        "id":4,
        "shop":"商店3",
        "picture":"https://img.meituan.net/msmerchant/5159608bf7bfe7b8c77ec775083be1f87241568.jpg%40120w_90h_1e_1c_1l_80q%7Cwatermark%3D1%26%26r%3D1%26p%3D9%26x%3D2%26y%3D2%26relative%3D1%26o%3D20",
        "product":"好好喝的果汁",
        "comment":"comment-3",
        "stars":3,
        "price":25,
        "ifCommand":false
    },
    {
        "id":5,
        "shop":"商店3",
        "picture":"https://img.meituan.net/msmerchant/5159608bf7bfe7b8c77ec775083be1f87241568.jpg%40120w_90h_1e_1c_1l_80q%7Cwatermark%3D1%26%26r%3D1%26p%3D9%26x%3D2%26y%3D2%26relative%3D1%26o%3D20",
        "product":"好好喝的果汁",
        "comment":"comment-3",
        "stars":3,
        "price":25,
        "ifCommand":false
    }
]